<?xml version="1.0" encoding="UTF-8"?>
<config transient="false" date="1355743064546">
	<site enabled="true" updateable="true" policy="USER-EXCLUDE" url="platform:/base/">
		<feature id="org.eclipse.equinox.p2.core.feature" url="features/org.eclipse.equinox.p2.core.feature_1.1.0.v20120524-0542-8297FncFWmE7h4Asx2cpqz-T38/" version="1.1.0.v20120524-0542-8297FncFWmE7h4Asx2cpqz-T38">
		</feature>
		<feature id="org.eclipse.equinox.p2.extras.feature" url="features/org.eclipse.equinox.p2.extras.feature_1.1.0.v20120524-0542-7A6FEcDiVOTg1Q_HuZrEuBty3dqr/" version="1.1.0.v20120524-0542-7A6FEcDiVOTg1Q_HuZrEuBty3dqr">
		</feature>
		<feature id="org.eclipse.platform" url="features/org.eclipse.platform_4.2.1.v20120814-120134-9JF7BHVGFyMveli1uX6aTH0q-eAap6PAgOP5mO/" version="4.2.1.v20120814-120134-9JF7BHVGFyMveli1uX6aTH0q-eAap6PAgOP5mO">
		</feature>
		<feature id="org.eclipse.koneki.ldt" url="features/org.eclipse.koneki.ldt_0.9.0.201212171109/" version="0.9.0.201212171109">
		</feature>
		<feature id="org.eclipse.dltk.core" plugin-identifier="org.eclipse.dltk" url="features/org.eclipse.dltk.core_4.0.0.201206120848/" version="4.0.0.201206120848">
		</feature>
		<feature id="org.eclipse.help" plugin-identifier="org.eclipse.help.base" url="features/org.eclipse.help_1.4.1.v20120726-051048-8R7xFOUFLWUl7MoSKV_RBXl27/" version="1.4.1.v20120726-051048-8R7xFOUFLWUl7MoSKV_RBXl27">
		</feature>
		<feature id="org.eclipse.e4.rcp" url="features/org.eclipse.e4.rcp_1.1.0.v20120521-2329-8yFTIGIbGGduEZ6-7-jLx41nXj/" version="1.1.0.v20120521-2329-8yFTIGIbGGduEZ6-7-jLx41nXj">
		</feature>
		<feature id="org.eclipse.emf.ecore" url="features/org.eclipse.emf.ecore_2.8.1.v20120911-0500/" version="2.8.1.v20120911-0500">
		</feature>
		<feature id="org.eclipse.equinox.p2.user.ui" url="features/org.eclipse.equinox.p2.user.ui_2.2.0.v20120524-0542-62DG9JXTlSiz-UbcP0w0KGl9CKNP/" version="2.2.0.v20120524-0542-62DG9JXTlSiz-UbcP0w0KGl9CKNP">
		</feature>
		<feature id="org.eclipse.emf.common" url="features/org.eclipse.emf.common_2.8.0.v20120911-0500/" version="2.8.0.v20120911-0500">
		</feature>
		<feature id="org.eclipse.rcp" url="features/org.eclipse.rcp_4.2.1.v20120814-120134-7IAPA8BrHQicS-rjP0GbqK780kMy/" version="4.2.1.v20120814-120134-7IAPA8BrHQicS-rjP0GbqK780kMy">
		</feature>
		<feature id="org.eclipse.koneki.ldt.product" plugin-identifier="org.eclipse.koneki.ldt.branding" url="features/org.eclipse.koneki.ldt.product_0.9.0.201212171109/" version="0.9.0.201212171109">
		</feature>
		<feature id="org.eclipse.equinox.p2.rcp.feature" url="features/org.eclipse.equinox.p2.rcp.feature_1.1.0.v20120524-0542-785EoBqNKNYz-GX2sUgCaBty3dqr/" version="1.1.0.v20120524-0542-785EoBqNKNYz-GX2sUgCaBty3dqr">
		</feature>
	</site>
</config>
