<?xml version="1.0" encoding="UTF-8"?>
<!DOCTYPE plist PUBLIC "-//Apple//DTD PLIST 1.0//EN" "http://www.apple.com/DTDs/PropertyList-1.0.dtd">
<plist version="1.0">
<array>
	<integer>20</integer>
	<array>
		<string>社会名片</string>
		<string>说说你是哪类人？</string>
		<array>
			<dict>
				<key>itemTagType</key>
				<integer>1</integer>
				<key>itemTagID</key>
				<string>11952000693643197697</string>
				<key>itemTagString</key>
				<string>文艺青年</string>
			</dict>
			<dict>
				<key>itemTagType</key>
				<integer>1</integer>
				<key>itemTagID</key>
				<string>13722787555407349404</string>
				<key>itemTagString</key>
				<string>有为青年</string>
			</dict>
			<dict>
				<key>itemTagType</key>
				<integer>1</integer>
				<key>itemTagID</key>
				<string>17536377261052702611</string>
				<key>itemTagString</key>
				<string>白领</string>
			</dict>
			<dict>
				<key>itemTagType</key>
				<integer>1</integer>
				<key>itemTagID</key>
				<string>6187744654253283637</string>
				<key>itemTagString</key>
				<string>学生</string>
			</dict>
			<dict>
				<key>itemTagType</key>
				<integer>1</integer>
				<key>itemTagID</key>
				<string>8883392011515948172</string>
				<key>itemTagString</key>
				<string>IT民工</string>
			</dict>
			<dict>
				<key>itemTagType</key>
				<integer>1</integer>
				<key>itemTagID</key>
				<string>13938508529314902472</string>
				<key>itemTagString</key>
				<string>自由职业</string>
			</dict>
			<dict>
				<key>itemTagType</key>
				<integer>1</integer>
				<key>itemTagID</key>
				<string>9405884614909165010</string>
				<key>itemTagString</key>
				<string>上班族</string>
			</dict>
			<dict>
				<key>itemTagType</key>
				<integer>1</integer>
				<key>itemTagID</key>
				<string>11924461857331543571</string>
				<key>itemTagString</key>
				<string>潜力股</string>
			</dict>
			<dict>
				<key>itemTagType</key>
				<integer>1</integer>
				<key>itemTagID</key>
				<string>1722024018840813396</string>
				<key>itemTagString</key>
				<string>创业者</string>
			</dict>
			<dict>
				<key>itemTagType</key>
				<integer>1</integer>
				<key>itemTagID</key>
				<string>12369651540366138434</string>
				<key>itemTagString</key>
				<string>技术宅</string>
			</dict>
			<dict>
				<key>itemTagType</key>
				<integer>1</integer>
				<key>itemTagID</key>
				<string>4168786554789460002</string>
				<key>itemTagString</key>
				<string>小清新</string>
			</dict>
			<dict>
				<key>itemTagType</key>
				<integer>1</integer>
				<key>itemTagID</key>
				<string>16370420431004681049</string>
				<key>itemTagString</key>
				<string>月光族</string>
			</dict>
			<dict>
				<key>itemTagType</key>
				<integer>1</integer>
				<key>itemTagID</key>
				<string>13657878042428889146</string>
				<key>itemTagString</key>
				<string>乐活族</string>
			</dict>
			<dict>
				<key>itemTagType</key>
				<integer>1</integer>
				<key>itemTagID</key>
				<string>550082036455719617</string>
				<key>itemTagString</key>
				<string>愤青</string>
			</dict>
			<dict>
				<key>itemTagType</key>
				<integer>1</integer>
				<key>itemTagID</key>
				<string>3060276121431167933</string>
				<key>itemTagString</key>
				<string>正太</string>
			</dict>
			<dict>
				<key>itemTagType</key>
				<integer>1</integer>
				<key>itemTagID</key>
				<string>564916572816107411</string>
				<key>itemTagString</key>
				<string>小萝莉</string>
			</dict>
		</array>
	</array>
	<array>
		<string>兴趣爱好</string>
		<string>有爱好才有朋友！</string>
		<array>
			<dict>
				<key>itemTagType</key>
				<integer>2</integer>
				<key>itemTagID</key>
				<string>16048819732071827387</string>
				<key>itemTagString</key>
				<string>K歌</string>
			</dict>
			<dict>
				<key>itemTagType</key>
				<integer>2</integer>
				<key>itemTagID</key>
				<string>15208941917384174719</string>
				<key>itemTagString</key>
				<string>果粉</string>
			</dict>
			<dict>
				<key>itemTagType</key>
				<integer>2</integer>
				<key>itemTagID</key>
				<string>4585647232127221558</string>
				<key>itemTagString</key>
				<string>购物狂</string>
			</dict>
			<dict>
				<key>itemTagType</key>
				<integer>2</integer>
				<key>itemTagID</key>
				<string>12117796803083473608</string>
				<key>itemTagString</key>
				<string>美食</string>
			</dict>
			<dict>
				<key>itemTagType</key>
				<integer>2</integer>
				<key>itemTagID</key>
				<string>11406725401460140369</string>
				<key>itemTagString</key>
				<string>电影</string>
			</dict>
			<dict>
				<key>itemTagType</key>
				<integer>2</integer>
				<key>itemTagID</key>
				<string>14728618028410374988</string>
				<key>itemTagString</key>
				<string>摄影</string>
			</dict>
			<dict>
				<key>itemTagType</key>
				<integer>2</integer>
				<key>itemTagID</key>
				<string>77846971042806542</string>
				<key>itemTagString</key>
				<string>旅游</string>
			</dict>
			<dict>
				<key>itemTagType</key>
				<integer>2</integer>
				<key>itemTagID</key>
				<string>639454881956003743</string>
				<key>itemTagString</key>
				<string>手机控</string>
			</dict>
			<dict>
				<key>itemTagType</key>
				<integer>2</integer>
				<key>itemTagID</key>
				<string>396926978720093858</string>
				<key>itemTagString</key>
				<string>读书</string>
			</dict>
			<dict>
				<key>itemTagType</key>
				<integer>2</integer>
				<key>itemTagID</key>
				<string>464633551361363735</string>
				<key>itemTagString</key>
				<string>动漫</string>
			</dict>
			<dict>
				<key>itemTagType</key>
				<integer>2</integer>
				<key>itemTagID</key>
				<string>4762518206506141882</string>
				<key>itemTagString</key>
				<string>游戏</string>
			</dict>
			<dict>
				<key>itemTagType</key>
				<integer>2</integer>
				<key>itemTagID</key>
				<string>17168216440080056340</string>
				<key>itemTagString</key>
				<string>爱狗</string>
			</dict>
			<dict>
				<key>itemTagType</key>
				<integer>2</integer>
				<key>itemTagID</key>
				<string>8825088472492676816</string>
				<key>itemTagString</key>
				<string>爱猫</string>
			</dict>
			<dict>
				<key>itemTagType</key>
				<integer>2</integer>
				<key>itemTagID</key>
				<string>4775026943611287095</string>
				<key>itemTagString</key>
				<string>运动</string>
			</dict>
			<dict>
				<key>itemTagType</key>
				<integer>2</integer>
				<key>itemTagID</key>
				<string>12613177001401699113</string>
				<key>itemTagString</key>
				<string>电视剧</string>
			</dict>
			<dict>
				<key>itemTagType</key>
				<integer>2</integer>
				<key>itemTagID</key>
				<string>8157222974734801749</string>
				<key>itemTagString</key>
				<string>桌游</string>
			</dict>
		</array>
	</array>
	<array>
		<string>自我个性</string>
		<string>我是什么样的人？</string>
		<array>
			<dict>
				<key>itemTagType</key>
				<integer>3</integer>
				<key>itemTagID</key>
				<string>2049079874399260896</string>
				<key>itemTagString</key>
				<string>成熟</string>
			</dict>
			<dict>
				<key>itemTagType</key>
				<integer>3</integer>
				<key>itemTagID</key>
				<string>16469568389185112236</string>
				<key>itemTagString</key>
				<string>各种宅</string>
			</dict>
			<dict>
				<key>itemTagType</key>
				<integer>3</integer>
				<key>itemTagID</key>
				<string>5137205098414539723</string>
				<key>itemTagString</key>
				<string>幽默</string>
			</dict>
			<dict>
				<key>itemTagType</key>
				<integer>3</integer>
				<key>itemTagID</key>
				<string>9496583174695294765</string>
				<key>itemTagString</key>
				<string>爱时尚</string>
			</dict>
			<dict>
				<key>itemTagType</key>
				<integer>3</integer>
				<key>itemTagID</key>
				<string>10207046010248666433</string>
				<key>itemTagString</key>
				<string>执着</string>
			</dict>
			<dict>
				<key>itemTagType</key>
				<integer>3</integer>
				<key>itemTagID</key>
				<string>7376393902919802881</string>
				<key>itemTagString</key>
				<string>温柔</string>
			</dict>
			<dict>
				<key>itemTagType</key>
				<integer>3</integer>
				<key>itemTagID</key>
				<string>15956484308441690527</string>
				<key>itemTagString</key>
				<string>直率</string>
			</dict>
			<dict>
				<key>itemTagType</key>
				<integer>3</integer>
				<key>itemTagID</key>
				<string>11960267942290029551</string>
				<key>itemTagString</key>
				<string>闷骚</string>
			</dict>
			<dict>
				<key>itemTagType</key>
				<integer>3</integer>
				<key>itemTagID</key>
				<string>6061658196376279959</string>
				<key>itemTagString</key>
				<string>善良</string>
			</dict>
			<dict>
				<key>itemTagType</key>
				<integer>3</integer>
				<key>itemTagID</key>
				<string>272718936529696196</string>
				<key>itemTagString</key>
				<string>低调</string>
			</dict>
			<dict>
				<key>itemTagType</key>
				<integer>3</integer>
				<key>itemTagID</key>
				<string>694988467137718794</string>
				<key>itemTagString</key>
				<string>自由</string>
			</dict>
			<dict>
				<key>itemTagType</key>
				<integer>3</integer>
				<key>itemTagID</key>
				<string>1619742656866003582</string>
				<key>itemTagString</key>
				<string>阳光</string>
			</dict>
			<dict>
				<key>itemTagType</key>
				<integer>3</integer>
				<key>itemTagID</key>
				<string>1138663018156972419</string>
				<key>itemTagString</key>
				<string>乐观</string>
			</dict>
			<dict>
				<key>itemTagType</key>
				<integer>3</integer>
				<key>itemTagID</key>
				<string>1627406106471620529</string>
				<key>itemTagString</key>
				<string>完美主义</string>
			</dict>
			<dict>
				<key>itemTagType</key>
				<integer>3</integer>
				<key>itemTagID</key>
				<string>9337055748868542475</string>
				<key>itemTagString</key>
				<string>自信</string>
			</dict>
			<dict>
				<key>itemTagType</key>
				<integer>3</integer>
				<key>itemTagID</key>
				<string>17244110885343038965</string>
				<key>itemTagString</key>
				<string>萌</string>
			</dict>
		</array>
	</array>
	<array>
		<string>现在状态</string>
		<string>我最近的状态</string>
		<array>
			<dict>
				<key>itemTagType</key>
				<integer>4</integer>
				<key>itemTagID</key>
				<string>11951958907002099950</string>
				<key>itemTagString</key>
				<string>单身待解救</string>
			</dict>
			<dict>
				<key>itemTagType</key>
				<integer>4</integer>
				<key>itemTagID</key>
				<string>5571361138564236999</string>
				<key>itemTagString</key>
				<string>静待缘分</string>
			</dict>
			<dict>
				<key>itemTagType</key>
				<integer>4</integer>
				<key>itemTagID</key>
				<string>11893195252635968410</string>
				<key>itemTagString</key>
				<string>起床困难户</string>
			</dict>
			<dict>
				<key>itemTagType</key>
				<integer>4</integer>
				<key>itemTagID</key>
				<string>8292980698824996507</string>
				<key>itemTagString</key>
				<string>奋斗ing</string>
			</dict>
			<dict>
				<key>itemTagType</key>
				<integer>4</integer>
				<key>itemTagID</key>
				<string>16984674273585104407</string>
				<key>itemTagString</key>
				<string>努力加班</string>
			</dict>
			<dict>
				<key>itemTagType</key>
				<integer>4</integer>
				<key>itemTagID</key>
				<string>15396987523605497109</string>
				<key>itemTagString</key>
				<string>幸福ing</string>
			</dict>
			<dict>
				<key>itemTagType</key>
				<integer>4</integer>
				<key>itemTagID</key>
				<string>15128999725258170867</string>
				<key>itemTagString</key>
				<string>学习ing</string>
			</dict>
			<dict>
				<key>itemTagType</key>
				<integer>4</integer>
				<key>itemTagID</key>
				<string>12595001711239943208</string>
				<key>itemTagString</key>
				<string>减肥ing</string>
			</dict>
			<dict>
				<key>itemTagType</key>
				<integer>4</integer>
				<key>itemTagID</key>
				<string>14204755357093329105</string>
				<key>itemTagString</key>
				<string>失恋ing</string>
			</dict>
			<dict>
				<key>itemTagType</key>
				<integer>4</integer>
				<key>itemTagID</key>
				<string>10912737704870746902</string>
				<key>itemTagString</key>
				<string>热恋ing</string>
			</dict>
			<dict>
				<key>itemTagType</key>
				<integer>4</integer>
				<key>itemTagID</key>
				<string>11965535335685223950</string>
				<key>itemTagString</key>
				<string>纠结ing</string>
			</dict>
			<dict>
				<key>itemTagType</key>
				<integer>4</integer>
				<key>itemTagID</key>
				<string>8776811821676999853</string>
				<key>itemTagString</key>
				<string>寂寞ing</string>
			</dict>
			<dict>
				<key>itemTagType</key>
				<integer>4</integer>
				<key>itemTagID</key>
				<string>16883015460515866473</string>
				<key>itemTagString</key>
				<string>缺爱ing</string>
			</dict>
			<dict>
				<key>itemTagType</key>
				<integer>4</integer>
				<key>itemTagID</key>
				<string>14232029822610207548</string>
				<key>itemTagString</key>
				<string>成长ing</string>
			</dict>
		</array>
	</array>
	<array>
		<string>年代星座</string>
		<string>哪些是速配星座？</string>
		<array>
			<dict>
				<key>itemTagType</key>
				<integer>5</integer>
				<key>itemTagID</key>
				<string>6138990503615601354</string>
				<key>itemTagString</key>
				<string>70后</string>
			</dict>
			<dict>
				<key>itemTagType</key>
				<integer>5</integer>
				<key>itemTagID</key>
				<string>1433216300070607690</string>
				<key>itemTagString</key>
				<string>80后</string>
			</dict>
			<dict>
				<key>itemTagType</key>
				<integer>5</integer>
				<key>itemTagID</key>
				<string>3618043347730980933</string>
				<key>itemTagString</key>
				<string>90后</string>
			</dict>
			<dict>
				<key>itemTagType</key>
				<integer>5</integer>
				<key>itemTagID</key>
				<string>6020106344520893026</string>
				<key>itemTagString</key>
				<string>00后</string>
			</dict>
			<dict>
				<key>itemTagType</key>
				<integer>5</integer>
				<key>itemTagID</key>
				<string>8672853207302983069</string>
				<key>itemTagString</key>
				<string>白羊座</string>
			</dict>
			<dict>
				<key>itemTagType</key>
				<integer>5</integer>
				<key>itemTagID</key>
				<string>18353546292971542366</string>
				<key>itemTagString</key>
				<string>金牛座</string>
			</dict>
			<dict>
				<key>itemTagType</key>
				<integer>5</integer>
				<key>itemTagID</key>
				<string>14637662088162177595</string>
				<key>itemTagString</key>
				<string>双子座</string>
			</dict>
			<dict>
				<key>itemTagType</key>
				<integer>5</integer>
				<key>itemTagID</key>
				<string>6744905137907745015</string>
				<key>itemTagString</key>
				<string>巨蟹座</string>
			</dict>
			<dict>
				<key>itemTagType</key>
				<integer>5</integer>
				<key>itemTagID</key>
				<string>17768301809455299584</string>
				<key>itemTagString</key>
				<string>狮子座</string>
			</dict>
			<dict>
				<key>itemTagType</key>
				<integer>5</integer>
				<key>itemTagID</key>
				<string>6801659286448964852</string>
				<key>itemTagString</key>
				<string>处女座</string>
			</dict>
			<dict>
				<key>itemTagType</key>
				<integer>5</integer>
				<key>itemTagID</key>
				<string>11844692823767458801</string>
				<key>itemTagString</key>
				<string>天秤座</string>
			</dict>
			<dict>
				<key>itemTagType</key>
				<integer>5</integer>
				<key>itemTagID</key>
				<string>14031078521304149688</string>
				<key>itemTagString</key>
				<string>射手座</string>
			</dict>
			<dict>
				<key>itemTagType</key>
				<integer>5</integer>
				<key>itemTagID</key>
				<string>12881951480570550331</string>
				<key>itemTagString</key>
				<string>天蝎座</string>
			</dict>
			<dict>
				<key>itemTagType</key>
				<integer>5</integer>
				<key>itemTagID</key>
				<string>17495531704714134336</string>
				<key>itemTagString</key>
				<string>摩羯座</string>
			</dict>
			<dict>
				<key>itemTagType</key>
				<integer>5</integer>
				<key>itemTagID</key>
				<string>11111941617277927469</string>
				<key>itemTagString</key>
				<string>水瓶座</string>
			</dict>
			<dict>
				<key>itemTagType</key>
				<integer>5</integer>
				<key>itemTagID</key>
				<string>13507414855926084948</string>
				<key>itemTagString</key>
				<string>双鱼座</string>
			</dict>
		</array>
	</array>
</array>
</plist>
