<?xml version="1.0" encoding="UTF-8"?>
<feature
      id="org.eclipse.koneki.ldt"
      label="%featureName"
      version="0.9.0.201212171109"
      provider-name="%providerName">

   <description>
      %description
   </description>

   <copyright>
      %copyright
   </copyright>

   <license url="license.html">
      %license
   </license>

   <requires>
      <import plugin="org.eclipse.ui" version="3.5.0" match="greaterOrEqual"/>
      <import plugin="org.eclipse.core.resources" version="3.5.0" match="greaterOrEqual"/>
      <import plugin="org.eclipse.core.runtime" version="3.5.0" match="greaterOrEqual"/>
      <import plugin="org.eclipse.jface.text" version="3.5.0" match="greaterOrEqual"/>
      <import plugin="org.eclipse.ui.editors" version="3.5.0" match="greaterOrEqual"/>
      <import plugin="org.eclipse.ui.ide" version="3.5.0" match="greaterOrEqual"/>
      <import plugin="org.eclipse.dltk.debug.ui" version="3.0.0" match="greaterOrEqual"/>
      <import plugin="org.eclipse.dltk.launching" version="3.0.0" match="greaterOrEqual"/>
      <import plugin="org.eclipse.dltk.core" version="3.0.0" match="greaterOrEqual"/>
      <import plugin="org.eclipse.dltk.ui" version="3.0.0" match="greaterOrEqual"/>
      <import plugin="org.eclipse.jface.text" version="3.5.0" match="compatible"/>
      <import plugin="org.apache.commons.io"/>
   </requires>

   <plugin
         id="org.eclipse.koneki.ldt.doc.user"
         download-size="1836"
         install-size="1935"
         version="0.9.0.201212171109"
         unpack="false"/>

   <plugin
         id="org.eclipse.koneki.ldt.metalua"
         download-size="9"
         install-size="11"
         version="0.9.0.201212171109"
         unpack="false"/>

   <plugin
         id="org.eclipse.koneki.ldt.ui"
         download-size="208"
         install-size="385"
         version="0.9.0.201212171109"
         unpack="false"/>

   <plugin
         id="org.eclipse.koneki.ldt.metalua.32bits"
         arch="x86"
         download-size="146"
         install-size="420"
         version="0.9.0.201212171109"
         fragment="true"/>

   <plugin
         id="org.eclipse.koneki.ldt.metalua.64bits"
         arch="x86_64"
         download-size="148"
         install-size="459"
         version="0.9.0.201212171109"
         fragment="true"/>

   <plugin
         id="com.naef.jnlua"
         download-size="128"
         install-size="233"
         version="0.9.1.201212171109"
         unpack="false"/>

   <plugin
         id="com.naef.jnlua.linux"
         os="linux"
         arch="x86"
         download-size="96"
         install-size="214"
         version="0.9.1.201212171109"
         fragment="true"
         unpack="false"/>

   <plugin
         id="com.naef.jnlua.macosx"
         os="macosx"
         arch="x86_64"
         download-size="175"
         install-size="433"
         version="0.9.1.201212171109"
         fragment="true"
         unpack="false"/>

   <plugin
         id="com.naef.jnlua.windows"
         os="win32"
         arch="x86"
         download-size="98"
         install-size="218"
         version="0.9.1.201212171109"
         fragment="true"
         unpack="false"/>

   <plugin
         id="com.naef.jnlua.linux64"
         os="linux"
         arch="x86_64"
         download-size="105"
         install-size="247"
         version="0.9.1.201212171109"
         fragment="true"
         unpack="false"/>

   <plugin
         id="com.naef.jnlua.windows64"
         os="win32"
         arch="x86_64"
         download-size="155"
         install-size="370"
         version="0.9.1.201212171109"
         fragment="true"
         unpack="false"/>

   <plugin
         id="org.eclipse.koneki.ldt.debug.core"
         download-size="100"
         install-size="255"
         version="0.9.0.201212171109"
         unpack="false"/>

   <plugin
         id="org.eclipse.koneki.ldt.debug.ui"
         download-size="96"
         install-size="190"
         version="0.9.0.201212171109"
         unpack="false"/>

   <plugin
         id="org.eclipse.koneki.ldt"
         download-size="177"
         install-size="401"
         version="0.9.0.201212171109"
         unpack="false"/>

   <plugin
         id="com.cforcoding.jmd"
         download-size="36"
         install-size="64"
         version="0.8.1.201212171109"
         unpack="false"/>
         
	<plugin
         id="org.eclipse.koneki.ldt.support.lua51"
         download-size="85"
         install-size="219"
         version="0.9.0.201212171109"
         unpack="false"/>
</feature>
