<?xml version='1.0' encoding='UTF-8'?>
<?artifactRepository version='1.1.0'?>
<repository name='download cache' type='org.eclipse.equinox.p2.artifact.repository.simpleRepository' version='1.0.0'>
  <properties size='2'>
    <property name='p2.system' value='true'/>
    <property name='p2.timestamp' value='1355743061281'/>
  </properties>
  <mappings size='3'>
    <rule filter='(&amp; (classifier=osgi.bundle))' output='${repoUrl}/plugins/${id}_${version}.jar'/>
    <rule filter='(&amp; (classifier=binary))' output='${repoUrl}/binary/${id}_${version}'/>
    <rule filter='(&amp; (classifier=org.eclipse.update.feature))' output='${repoUrl}/features/${id}_${version}.jar'/>
  </mappings>
  <artifacts size='3'>
    <artifact classifier='binary' id='org.eclipse.platform_root' version='4.2.1.v20120814-120134-9JF7BHVGFyMveli1uX6aTH0q-eAap6PAgOP5mO'>
      <properties size='1'>
        <property name='download.size' value='38125'/>
      </properties>
    </artifact>
    <artifact classifier='binary' id='org.eclipse.rcp_root' version='4.2.1.v20120814-120134-7IAPA8BrHQicS-rjP0GbqK780kMy'>
      <properties size='1'>
        <property name='download.size' value='38125'/>
      </properties>
    </artifact>
    <artifact classifier='binary' id='org.eclipse.koneki.ldt.product-product.executable.win32.win32.x86' version='0.9.0.201212171109'>
      <properties size='1'>
        <property name='download.size' value='117173'/>
      </properties>
    </artifact>
  </artifacts>
</repository>
